{
    "Title": "Star Squadron Level Data",
    "Credits": "Created by Isaac Kim (iswkim@ucsc.edu)",
    "InitialLevel": 1,
    "Levels": {
        "1": {
            "waves": [
                [ 0, 0, 0, 1, 1, 1, 0, 0, 0],
                [ 0, 1, 1, 0, 1, 0, 1, 1, 0],
                [ 0, 0, 1, 1, 1, 1, 1, 0, 0],
                [ 0, 1, 1, 1, 0, 1, 1, 1, 0],
                [ 0, 0, 0, 1, 1, 1, 0, 0, 0]
            ],
            "spawnRates": [
                2,
                2,
                2,
                2,
                2
            ]
        },
        "2": {
            "waves": [
                [0, 1, 1, 0, 1, 0, 1, 1, 0],
                [1, 0, 1, 1, 1, 1, 1, 0, 1],
                [1, 1, 1, 1, 1, 1, 1, 1, 1],
                [1, 1, 1, 1, 1, 1, 1, 1, 1]
            ],
            "spawnRates": [
                2,
                2,
                2,
                2
            ]
        },
        "3": {
            "waves": [
                [ 0, 0, 0, 0, 1, 0, 0, 0, 0],
                [ 0, 0, 0, 1, 1, 1, 0, 0, 0],
                [ 0, 0, 0, 1, 1, 1, 0, 0, 0],
                [ 0, 0, 0, 1, 1, 1, 0, 0, 0],
                [ 0, 1, 1, 0, 1, 0, 1, 1, 0],
                [ 0, 0, 1, 1, 1, 1, 1, 0, 0],
                [ 0, 1, 1, 1, 1, 1, 1, 1, 0],
                [ 0, 0, 0, 1, 1, 1, 0, 0, 0]
            ],
            "spawnRates": [
                1,
                1,
                1,
                1,
                1,
                1,
                1,
                1
            ]
        }
        
    }
}