{
    "Title": "Star Spectris Level Data",
    "Credits": "Created by Isaac Kim (iswkim@ucsc.edu)",
    "InitialLevel": 1,
    "Levels": {
        "1": {
            "healthMult": 0.5,
            
            "waves": [
                [ 0, 0, 0, 9, 9, 9, 0, 0, 0],
                [ 0, 0, 0, 9, 9, 9, 0, 0, 0]
            ],
            "spawnRates": [
                2,
                2
            ]
        },
        "2": {
            "waves": [
                [ 0, 0, 0, 9, 9, 9, 0, 0, 0],
                [ 0, 0, 0, 0, 9, 0, 0, 0, 0],
                [ 0, 0, 9, 9, 9, 9, 9, 0, 0],
                [ 0, 0, 0, 9, 9, 9, 0, 0, 0]
            ],
            "spawnRates": [
                2,
                2,
                2,
                2
            ]
        },
        "3": {
            "waves": [
                [ 0, 0, 0, 9, 9, 9, 0, 0, 0],
                [ 0, 9, 0, 0, 0, 0, 0, 9, 0],
                [ 0, 0, 9, 9, 0, 9, 9, 0, 0],
                [ 0, 0, 9, 9, 0, 9, 9, 0, 0]
            ],
            "spawnRates": [
                2,
                2,
                2,
                2
            ]
        },
        "4": {
            "waves": [
                [ 0, 0, 0, 0, 9, 0, 0, 0, 0],
                [ 0, 0, 0, 9, 9, 9, 0, 0, 0],
                [ 0, 0, 0, 9, 9, 9, 0, 0, 0],
                [ 0, 0, 0, 9, 9, 9, 0, 0, 0],
                [ 0, 9, 9, 0, 9, 0, 9, 9, 0],
                [ 0, 0, 9, 9, 9, 9, 9, 0, 0],
                [ 0, 9, 9, 9, 9, 9, 9, 9, 0],
                [ 0, 0, 0, 9, 9, 9, 0, 0, 0]
            ],
            "spawnRates": [
                2,
                2,
                2,
                2,
                2,
                2,
                2,
                2
            ]
        },
        "5": {
            "waves": [
                [ 0, 0, 0, 0, 9, 0, 0, 0, 0],
                [ 0, 0, 0, 0, 0, 0, 0, 0, 0],
                [ 9, 9, 0, 0, 0, 0, 0, 9, 9],
                [ 0, 0, 0, 9, 9, 9, 0, 0, 0],
                [ 0, 0, 0, 9, 9, 9, 0, 0, 0],
                [ 0, 0, 9, 9, 9, 9, 9, 0, 0],
                [ 9, 9, 9, 9, 9, 9, 9, 9, 9],
                [ 9, 9, 9, 9, 9, 9, 9, 9, 9],

                [ 9, 9, 9, 9, 9, 9, 9, 9, 9],
                [ 9, 9, 9, 9, 9, 9, 9, 9, 9],
                [ 0, 0, 9, 9, 9, 9, 9, 0, 0],
                [ 0, 0, 9, 9, 9, 9, 9, 0, 0],
                [ 0, 0, 0, 9, 9, 9, 0, 0, 0],
                [ 0, 0, 0, 9, 9, 9, 0, 0, 0],
                [ 0, 0, 9, 9, 9, 9, 9, 0, 0],
                [ 9, 9, 0, 0, 0, 0, 0, 9, 9],

                [ 9, 9, 0, 0, 9, 0, 0, 9, 9],
                [ 9, 9, 9, 9, 9, 9, 9, 9, 9],
                [ 9, 9, 9, 9, 9, 9, 9, 9, 9],
                [ 9, 9, 9, 9, 9, 9, 9, 9, 9],
                [ 9, 9, 9, 9, 9, 9, 9, 9, 9],
                [ 0, 0, 0, 9, 9, 9, 0, 0, 0],
                [ 0, 0, 0, 9, 9, 9, 0, 0, 0],
                [ 0, 0, 0, 9, 9, 9, 0, 0, 0],

                [ 0, 0, 0, 9, 9, 9, 0, 0, 0],
                [ 9, 9, 9, 9, 9, 9, 9, 9, 9],
                [ 9, 9, 9, 9, 9, 9, 9, 9, 9],
                [ 9, 9, 9, 9, 9, 9, 9, 9, 9],
                [ 9, 9, 9, 9, 9, 9, 9, 9, 9],
                [ 0, 9, 9, 9, 9, 9, 9, 9, 0],
                [ 0, 9, 9, 9, 9, 9, 9, 9, 0],
                [ 0, 0, 0, 9, 9, 9, 0, 0, 0]
                
            ],
            "spawnRates": [
                2,
                2,
                2,
                2,
                2,
                2,
                2,
                2,
                
                2,
                2,
                2,
                2,
                2,
                2,
                2,
                2,

                2,
                2,
                2,
                2,
                2,
                2,
                2,
                2,

                2,
                2,
                2,
                2,
                2,
                2,
                2,
                2
            ]
        },
        "20":{"victory": true}
        
    }
}